{
  "metrics": {
    "train": {
      "loss": 0.2946122619840834,
      "mse": 0.2935429513454437,
      "r2": 0.719009518623352
    },
    "validation": {
      "loss": 0.6037434935569763,
      "mse": 0.6037435531616211,
      "r2": 0.43812209367752075
    }
  },
  "loss_history": [
    194.7419687906901,
    165.6766120062934,
    76.79101053873698,
    26.509414778815376,
    12.252289083268908,
    13.197911156548393,
    13.965277830759684,
    7.570444530910915,
    8.135500060187447,
    7.878833876715766,
    8.926148096720377,
    7.51363123787774,
    6.725826316409641,
    6.767189396752252,
    7.81834962632921,
    7.032161235809326,
    6.022536012861464,
    5.193231397204929,
    7.068813006083171,
    5.268189536200629,
    5.718882428275214,
    6.065776030222575,
    6.053755919138591,
    5.589738024605645,
    4.669347339206272,
    5.01247337129381,
    5.67523209253947,
    4.602386726273431,
    5.739596234427558,
    4.615589406755236,
    4.341398583518134,
    4.354934030108982,
    5.592808802922566,
    4.291570610470242,
    4.362014200952318,
    4.85089635848999,
    5.406370030509101,
    4.758930126825969,
    4.5627760887146,
    3.849835687213474,
    4.4717254638671875,
    4.681754959954156,
    5.6087436940934925,
    4.260100523630778,
    3.9468698501586914,
    4.027561002307468,
    4.667777631017897,
    4.112631877263387,
    3.9787506792280407,
    4.461530129114787,
    4.152014811833699,
    3.418083800209893,
    4.092363291316563,
    3.921121252907647,
    4.239484760496351,
    3.8800705009036593,
    3.311428123050266,
    5.037820286220974,
    3.7182384067111545,
    3.8219070037206015,
    3.504643440246582,
    3.7727176745732627,
    3.4569210741255016,
    4.874837530983819,
    3.5426249504089355,
    4.0400346120198565,
    4.248923142751058,
    3.882588095135159,
    3.045157551765442,
    4.907418966293335,
    3.0197280248006186,
    3.280663092931112,
    3.6682620445887246,
    3.7212339772118463,
    3.696998437245687,
    4.084166367848714,
    3.685004578696357,
    3.7233849366505942,
    3.757610479990641,
    4.016910208596124
  ],
  "val_loss_history": [
    187.03826904296875,
    134.48907470703125,
    13.327448844909668,
    11.54075813293457,
    14.54226303100586,
    3.1062746047973633,
    4.6796793937683105,
    4.252346992492676,
    3.483846426010132,
    3.7757530212402344,
    2.4008913040161133,
    3.0077807903289795,
    2.8699283599853516,
    2.7386770248413086,
    2.275840997695923,
    1.6223422288894653,
    1.938367247581482,
    1.7962805032730103,
    2.0296642780303955,
    2.695079803466797,
    1.7040315866470337,
    1.8826615810394287,
    1.8270854949951172,
    1.6448845863342285,
    2.6560022830963135,
    2.145453929901123,
    1.954671859741211,
    1.6743439435958862,
    1.4480903148651123,
    1.1940234899520874,
    1.8682637214660645,
    1.7426022291183472,
    1.5495753288269043,
    1.5983927249908447,
    1.1146697998046875,
    1.559485912322998,
    1.2220063209533691,
    2.3521013259887695,
    1.2505433559417725,
    1.2249678373336792,
    0.8932229280471802,
    1.5211403369903564,
    0.839371383190155,
    0.7146890759468079,
    1.2259628772735596,
    0.9362965822219849,
    0.6965968608856201,
    0.7983129620552063,
    1.219293236732483,
    0.8454376459121704,
    0.9519282579421997,
    0.8484622240066528,
    0.830676257610321,
    0.90601646900177,
    0.5669228434562683,
    0.5768489241600037,
    1.1628291606903076,
    1.1980276107788086,
    0.605319082736969,
    0.5820647478103638,
    0.785118818283081,
    0.7197825908660889,
    0.7387552261352539,
    0.6175047755241394,
    0.49933603405952454,
    0.4996403455734253,
    0.660277247428894,
    0.6475629806518555,
    0.596468985080719,
    0.5869929790496826,
    0.6515647172927856,
    0.6467892527580261,
    0.6425176858901978,
    0.6281507015228271,
    0.6298641562461853,
    0.6198657155036926,
    0.6099320650100708,
    0.6061289310455322,
    0.6031826138496399,
    0.6037434935569763
  ],
  "lr_history": [
    0.002,
    0.004,
    0.006,
    0.008,
    0.01,
    0.01,
    0.009995618536343797,
    0.009982481831951275,
    0.009960612933065818,
    0.009930050205167172,
    0.009890847265665359,
    0.009843072889837512,
    0.009786810890172675,
    0.009722159969336218,
    0.009649233547011816,
    0.00956815956092479,
    0.009479080242395868,
    0.009382151866819097,
    0.00927754447950173,
    0.009165441597346946,
    0.009046039886902862,
    0.00891954881934257,
    0.008786190302980524,
    0.008646198293969952,
    0.00849981838586426,
    0.008347307378762497,
    0.008188932828794706,
    0.008024972578737563,
    0.007855714270583737,
    0.007681454840920088,
    0.0075025000000000005,
    0.00731916369542371,
    0.007131767561367538,
    0.006940640354328254,
    0.006746117376372467,
    0.006548539886902863,
    0.006348254503973252,
    0.006145612596202726,
    0.005940969666355695,
    0.005734684727669246,
    0.005527119674021929,
    0.005318638645048921,
    0.005109607387317368,
    0.004900392612682632,
    0.00469136135495108,
    0.004482880325978072,
    0.004275315272330754,
    0.004069030333644304,
    0.0038643874037972746,
    0.0036617454960267484,
    0.0034614601130971384,
    0.0032638826236275342,
    0.003069359645671746,
    0.0028782324386324625,
    0.002690836304576292,
    0.0025075000000000015,
    0.0023285451590799107,
    0.0021542857294162645,
    0.001985027421262438,
    0.001821067171205295,
    0.001662692621237505,
    0.0015101816141357399,
    0.0013638017060300506,
    0.0012238096970194775,
    0.0010904511806574307,
    0.0009639601130971381,
    0.0008445584026530534,
    0.0007324555204982696,
    0.000627848133180902,
    0.0005309197576041326,
    0.0004418404390752082,
    0.00036076645298818456,
    0.0002878400306637825,
    0.00022318910982732412,
    0.00016692711016248778,
    0.0001191527343346406,
    7.994979483282817e-05,
    4.9387066934183565e-05,
    2.7518168048725675e-05,
    1.4381463656202377e-05
  ]
}