{
  "metrics": {
    "train": {
      "loss": 0.0,
      "accuracy": 1.0,
      "per_class_accuracy": [
        1.0,
        1.0,
        1.0,
        1.0,
        1.0,
        1.0,
        1.0,
        1.0,
        1.0,
        1.0
      ]
    },
    "validation": {
      "loss": 0.0,
      "accuracy": 1.0,
      "per_class_accuracy": [
        1.0,
        1.0,
        1.0,
        1.0,
        1.0,
        1.0,
        1.0,
        1.0,
        1.0,
        1.0
      ]
    }
  },
  "loss_history": [
    0.080245579785433,
    1.3785931266450042e-05,
    2.360427276520178e-05,
    1.6277651797379023e-05,
    3.858913736871321e-05,
    2.3698055620179224e-05,
    3.149933332412589e-05,
    3.011386883962639e-05,
    1.9311387887008038e-05,
    0.0003835880670807642,
    1.1105961298262122e-05,
    9.297713334411643e-06,
    1.8989536559647803e-06,
    4.888097237142571e-06,
    4.048539111956018e-06
  ],
  "val_accuracy_history": [
    1.0
  ]
}